first_name,last_name,email,neighborhood_id,auth_token,phone_number
Annabelle,Fould,afould0@prweb.com,3,com.imdb.Konklux,855-470-8403
Barrie,Linck,blinck1@vinaora.com,4,com.deliciousdays.Zoolab,159-434-1792
Tildie,Blampey,tblampey2@youku.com,3,com.ihg.Y-Solowarm,418-150-8100
Hobey,Greenhowe,hgreenhowe3@spiegel.de,2,com.netscape.Wrapsafe,792-789-6519
Aksel,Eyres,aeyres4@paginegialle.it,4,com.diigo.Overhold,571-581-7643
Briny,Dyball,bdyball5@ucla.edu,4,com.cnet.Ventosanzap,711-911-7457
Rosamond,Burwell,rburwell6@typepad.com,4,com.livejournal.Ronstring,867-663-5442
Klarika,Pirnie,kpirnie7@jimdo.com,1,com.bloomberg.Keylex,829-350-7782
Russ,Struttman,rstruttman8@privacy.gov.au,4,com.jigsy.Ventosanzap,696-163-0331
Chet,Benet,cbenet9@desdev.cn,3,com.hibu.Stronghold,469-457-3706
